"10159872","Ateeb Khan","1","2018-07-31 09:51:31","0"
"7969256","Borhan Uddin","1","2017-05-05 13:52:54","0"
"8496980","Dmitriy Chizhov","1","2017-08-21 20:11:39","0"
"11150557","Emily","1","2019-03-04 21:03:48","0"
"5480761","Mario Bessa","1","2015-10-23 15:34:55","0"
"11091888","Aman Chandra","1","2019-02-20 18:46:42","0"
"2417656","Magda","1","2013-05-24 13:14:19","0"
"8570744","Kristof Liekens","1","2017-09-06 18:24:16","0"
"5879406","Yatish Sharma","1","2016-02-03 18:06:23","0"
"9072965","radusuba","1","2017-12-08 14:35:17","0"
"2188960","blackswan","1","2013-03-20 01:28:06","0"
"2794049","Meenaakshi","1","2013-09-19 05:27:36","0"
"6058526","black_heart","1","2016-03-13 23:48:38","0"
"10632590","harikanth s","1","2018-11-10 10:40:29","0"
"8286238","c2a4x6","1","2017-07-10 22:35:42","0"
"9442067","Okonye John Francis","1","2018-03-04 15:41:36","0"
"11382020","Fonzie","1","2019-04-19 04:12:05","0"
"10775458","Mehdi Kh","1","2018-12-11 11:14:54","0"
"11565741","Ehaan tech","1","2019-05-28 06:32:50","0"
"8849413","Vs Foros","1","2017-10-28 20:01:29","0"
"2484704","Monster Beats","1","2013-06-14 04:45:28","0"
"8834212","Hugh ","1","2017-10-25 21:32:03","0"
"2979144","Biplab","1","2013-11-11 12:34:07","0"
"7688016","fangpianzc","1","2017-03-10 03:33:04","0"
"8573280","Manu Rekhar","1","2017-09-07 08:00:38","0"
